Label,Text
Positive,"Kalo tau efek astra menahan Nafsu makan, pas vaksin harusnya jangan sinovac jd nyesel"
Positive,vaksin ke dua astra gak ada efek sampingnya.
Positive,"kirain vaksin astra ga ada efek sampingnya, ternyata efek sampingnya menyayangimu. "
Positive,"Efek vaksin Astra Zeneca, - Dosis 1: telapak tangan & kaki dingin, menggigil parah kalau kena air - Dosis 2: ngantuk parah dari sehabis vaksin sampai hari ini Gak ada demam & efek samping lainnya yg sampe parah banget. "
Positive,"Pengalaman vaksin pertama.  kalau mau vaksin itu gak usah ""ditakut takuti"" efeknya. Emang apa beda sinovac sama astra ? Astra itu efek nya lebih berat dari sinovac, astra bisa demam, nyeri, mual kata petugas penyambut."
Positive,"Aku kan Astra merek vaksin nya pas yang pertama aku mengigil panas, nah kemarin efek samping nya laper terus. Setiap orang beda² sih efek samping nya"
Positive,"Atasan baru saja lolos Kak. Makannya tadi Aq vaksin barengan. Untung cuma Tensi... Alhamdulillah Puji Tuhan, aman setelah suntik tadi. Bahkan gak ada efek samping. Tapi emang gak disarankan banget buat yg komorbid. Kalau sinovac gak pakai cek gula darah. Kemarin Astra gagal atasanku"
Positive,: astra ya? vaksin pertama dulu ada efek samping ga? : ngga mas. : ngga demam? : alhamdulillah ngga. : sakti ya?
Positive,"udh 2x astra, alhamdulillah ga ada efek samping apa2. cuma abis vaksin itu bawaannya laper pengen makan mulu"
Positive,"Selamat, sudah lulus vaksin. Astrazeneca biasanya dosis kedua lebih ringan efek samping nya."
Positive,"Astra, sehat sehat sejauh ini Vaksin dosis ke 2 juga efek nya gk sampe demam, cuma nyeri di tangan dan sehari udh ilang"
Positive,"wah bagus dong kl bisa dpt astra, tp tetep sih tergantung kondisi badan tiap org jg ya. soalnya efek vaksin juga di badan org beda2. kl di aku pas vaksin pertama tuh setelah itu selang beberapa jam aku meriang beberapa jam, trs udh besoknya udh cuma sisa lemes nya aja pegel gt"
Positive,"Aku sudah vaksin ke 2 pakai astra, kalo aku pribadi cuma mengantuk selebihnya tidak ada efek apa apa ke tubuhku cuma mengantuk itu aja sih"
Positive,orang orang vaksin pake astra katanya efeknya lumayan berat ya. ini udh vaksin dua kali tapi kok ga ada efek apa apa ya. malah jadi kepikiran jangan jangan salah vaksin
Positive,"Jadi.. efek samping vaksin astra tuh jadi ngantuk atau malah susah tidur?? di aku knp susah tidur kirain bakal ngantuk, tidur pulas, nyatanya tiap jam melek segar, kayak ga ngantuk gitu."
Positive,"kebetulan saya tadi pagi abis vaksin astra, tapi kok sejauh ini ga ada efek apa2, gatau kalau nanti malam "
Positive,"mantap bgt emg efek vaksin astra, sampe megang handphone aja gk bisa karena bener2 selemas dan sepusing itu"
Positive,Ada reaksi efek sampingnya kah? Aku dpt astra gk merasakan reaksi apa2 jd suudzon kagak isi vaksin
Positive,"Udah vaksin 2x pakai astrazeneca, aku pribadi efeknya cuma mengantuk aja gak ada gejala meriang, mual, pusing"
Positive,"Aku vaksin 1 sama 2 pake astra, yg kedua gak ada efek apa2"
Positive,"Aku kemarin Jumat vaksin astra yg ke dua, ga ada efek apa² sih, cuma lengan bekas suntikannya pegel nyeri² tapi ga demam ky yg pertama"
Positive,"aku juga vaksin pertama Astra tapi ga ada efek samping apa apa  cuma kebas lengan ku, takut kalo vaksin kedua efek sampingnya makin terasa"
Positive,"aku juga astra, dosis 1 emang efeknya mantep meriang sampe 2 harian tapi dosis 2 ga ada efek sama sekali kok, pegel juga cuma dikit ga separah yg pertama, ayo vaksin yuk jangan takut"
Positive,"aku dpt astra juga, dan efek setelah dosis pertama cuma demam aja sih sama lemes gitu. demamnya jg ga terlalu tinggi kok, cukup minum paracetamol aja.  dosis kedua malah ga ada efek sama sekali. jadi jgn takut dikasih vaksin astra ya."
Positive,"Aku dosis per 1 ada efek ngilu, demam, cepet laper , justru yg ke 2 gak ada efeknya vaksin Astra"
Positive,"aku astra, vaksin pertama kedua ga berasa apa apa. cuma sakit di lengan ya kaya abis suntik biasanya. sisanya gak ada efek sm sekali. beda beda tiap orang, tergantung imun"
Positive,"ada yg ngerasain efek vaksin kedua astra ga?? heran kok ini abis vaksin kedua ga ada efek sama sekali sehat bugar aja, padahal yg pertama luar biasa sekalii"
Positive,ayah gue 45 tahun bulan juni kmrn vaksin pke astra ya namanya jg astra jdi ada efek samping nya. abis vaksin dia meriang dah pokoknya tpi besoknya dah tidak apa apa kok. jadi klo bapak kamu mo vaksin cari aja vaksin ya kira2 efek sampingnya ga gede klo dlu mungkin sinovac tpi skrng dah ga ada
Positive,"Astra jg tidak apa apa kok, aku astra vaksin 1 mantep bgt trus yg 2 aman ga ada efek kok, cuma yg pertama berasa bgt "
Positive,"Aq kmrn divaksin Astra ,aq tanya kenapa karena 2 teman ku yg datang bareng aq divaksin sinovac dengan alasan umur ku yang hampir 40 thn jadi ketahanan tubuhnya lebih bagus, kebetulan habis vaksin, alhamdulillah tidak mengalami efek apapun"
Positive,alhamdulillah vaksin astrazeneca walaupun efek sampingnya demam
Positive,Alhamdulillah mas suami ku kmrn baru saja vaksin dosis 2 Astra dan gak ada efek samping apapun. Semua tergantung kondisi tubuh masing2. Banyak minum air putih setelah di suntik
Positive,alhamdulillah gak ada efek apa-apa cuma ngilu bekas suntikan aja
Positive,Aku vaksin pakai astra juga meriang semua badan ku
Positive,"Aku vaksin astra, waktu dosis 1 demam 2 hari, yg dosis 2 alhamdulillah udh ga ada efek apa2 cuma pegel dibekas suntikannya aja tpi sehari doang ilang"
Positive,"Aku vaksin astra tapi ga ada efek apapun, kek normal aja, cuma yang ke 2 aga lebih pegel dari yang pertama, kalau kaya demam atau yang lain sih ga ada"
Positive,"aku vaksin Astra juga, awalnya gak ada efek apapun tapi pas dibawa tidur badan akhirnya demam, mual, sama tangan pegel, tapi Alhamdulillah cuma satu malem, kalau tangan pegel 3 harian. besoknya sehat lagi sisa lemes aja dan sekarang udah sembuh"
Positive,"Aku sudah vaksin, di suntik vaksin Sinovac efek, lapar, ngantuk, sedikit demam.  AstraZeneca efek, sakit panas demam harus selalu sedia obat parasetamol byk istirahat, tidak perlu takut harus santai dan santai pikirannya"
Positive,"Diriku hebat juga, vaksin 1&2 Astra Zeneca gak ada efek menyeramkan, kecuali ngantuk dan pegel pegel enak. Padahal banyak yang bisa sampai demam."
Positive,"efek vaksin Astra dosis dua gak kerasa apa apa, tangan juga gak kebas, gak kayak dosis vaksin pertama yang sampe bikin meriang seharian :D"
Positive,"ga ada keluhan efek vaksin dosis 2 astra sama sekali, Alhamdulillah badan aman"
Positive,"Enggak juga. Alhamdulillah saya 2x vaksin astra, tdk ada efek yg signifikan. Yg saya rasakan, dosis 1 ngantuk berat & nafsu makan meningkat. Dosis 2, agak ngantuk saja, tp kalau rasa pegal dan linu di area suntikan ada sekitar 3 hari. Tapi emang teman ada yg demam ketika vaksin ke-1"
Positive,"gw astra yg k2 ga ada efek apa2. malem doang demam, besokannya tidak apa apa. pas siang abis vaksin ga ada reaksi apa2"
Positive,"Gue vaksin astrazeneca, orang tua sinovac. Orang tua ga ada efek samping sama sekali sedangkan gue efek sampingnya cuma demam sehari, abis tu sehat vaksin kedua malah ga ada efek sama sekali"
Positive,"Karna kemarin di Indo belum sempet vaksin AZ dosis 2 jadinya aku harus ulang vaksin di hungaria. Tp kali ini aku pake vaksin johnson  yang cuma dosis aja. Kemarin abis Astra dosis 1 kan aku sehat segar bugar, mari review efek dari j&j dalam 24 jam kedepan"
Positive,"Kalo kamu mikir yg macam - macam bagaimana kamu mau sehat? Mikir yg baik2 kayak "" ini efek dari vaksin karna katanya vaksin astra itu keras. Aku pasti bisa sembuh!"". Yuk HILANGIN PIKIRAN NEGATIF NYA dan segera minum paracetamol, fokus dengan makanan yg bergizi & istirahat yg cukup"
Positive,Kek nya vaksin dosis 2 bukan nya sakit ko malah laper si efek nya padahal astra tidak seperti yang pertama .
Positive,Kata temen gw yg vaksin astra sih yg dosis ke 2 ga ada efek apa apa
Positive,Ketika si mati rasa ditanya apa efek vaksin dosis kedua Astra ? aku :” ga ada aman2 aja gua dosis pertama dan kedua gak terasa apa2
Positive,"kenapa ya aku abis vaksin ga ada efek kek org org sampe demam gitu. Cuma pegel doang tangannya. Dosis pertama dan kedua, kek gitu. Btw aku vaksin astra"
Positive,"Mama ku vaksin astra efek nya 3 harian demam terus, tpi alhamdulillah setelah 3 hari si sembuh. Berpikiran positif aja dulu yuk, tidak apa apa vaksin"
Positive,"mama ku jg vaksin astra, efeknya kek dipukul masa katanya (badan pegel2, lemes, pusing) tp abis itu sembuh kok itu cuma efek samping dan astra ini emang dosisnya agak tinggi dari yg lain. alhamdulillah mama ku sehat walafiat. kamu jangan mikir yg gak2 nanti malah makin drop"
Positive,"Okee udah lama abis dosis 2 astra dan ga ada efek apa2 olahraga yang mau vaksin paling penting, aing dosis 1 2 aman ga demam2an"
Positive,"Mungkin emang efek di badan beda2 ya. Sy pke astra tgn cm pegel aja, gak demam, terus malah laper abis vaksin padahal sebelum vaksin udah sarapan."
Positive,"untung pake astra ngga ada efek nya, mungkin respon tubuh masing-masing berbeda"
Positive,"Masyarakat itu pilih (vaksin). Astra ini kan KIPI nya agak lumayan tinggi, sementara kita sudah terbiasa pakai sinovac yang efek sampingnya rendah, bahkan tidak ada sama sekali"
Positive,"sebelum vaksin udah makan blm? Kalo blm pasti ada efek samping apa lg ada penyakit kyk maag. Efek vaksin astra emg kuat kok, mangkanya banyak yg abis vaksin dikasih paracetamol, mending kamu minum paracetamol"
Positive,"tpi klo efek vaksin, aku pake nya astra.. Demam udh berlalu.. Kalo pake sinovac pasti ngantuk dan laper terus.. Bingung jg.. Emang udh kek kena sirep.."
Positive,"tidak perlu panik aku juga vaksin astra masih hidup, emang efek nya bikin panas, pusing, meriang gtu dah nanti jarak 3 harian dah ga gtu lagi kok"
Positive,"tiap orang daya tahan tubuhnya beda beda, aku astra juga, vaksin 1 & 2 ga ada efek, jadi obatnya ga aku minum, jaga kondisi aja pas mau vaksin."
Positive,"temenku vaksin astra normal semua memang awalnya mereka mual, demam, tapi hanya 3 hari aja setelah itu sembuh (ga semua org kek temen""ku) Aku dan beberapa temen lainnya vaksin sinovac ga ada efek sama sekali cuma tiba tiba gatel di area suntikan, ga lama kemudian aku gampang alergi makanan."
Positive,"Sumpah ya, baru kali ini dengar ada yg bilang 'vaksin astra banyak yg meninggal' ya kesal ya gak percaya juga. Soalnya aku dan beberapa banyak orang terdekat aku vaksin pake astra dan mereka Alhamdullilah baik2 aja. Cuma emang efek vaksin pertama dari astra begitu."
Positive,"Udah, ayah ku 64 tahun vaksin lengkap jenis astra Alhamdulillah ngga ada efek yang bahaya cuma gampang laper sama ngantuk aja sih"
Positive,Vaksin Astrazeneca pun tidak menimbulkan efek samping di gue. Alhamdulillah. Ya kalo ini sih cukup dengan tidur yang cukup aja udah oke.
Positive,yaa gtu ya. Jdi yg astra yg ada efek sampingnya yaa? Tapi teman2 ku pada drop semua abis vaksin sinovac.
Positive,"temenku pake astra ngga ada apa-apa, mungkin imun masing-masing kali ya"
Positive,"aku vaksin 1-2 pake astra  cara cuman minum paracetamol, air putih banyak, selimutan, efek bertahan 1-3 hari di bbrp orang bisa lebih"
Positive,"pake astrazeneca, ga ada efek samping yg parah cm ngantuk doang"
Positive,yang penting harus dalam keadaan fit mas. ibu dapet astrazeneca juga tapi ngga ada efek samping 
Positive,AstraZeneca. Nggak ada efek samping apa apa
Positive,dapet astrazeneca tapi ga ada efek apa-apa
Positive,Melawan efek Astrazeneca dengan membuat sagu keju
Positive,vaksin ke 3 dpt booster astrazeneca yg katanya bikin sakit. tpi ga ngalamin efek apa2 padahal puasa
Positive,habis di vaksin booster astrazeneca kemaren ga ada efek samping apa2 ya.. antara alhamdulillah sama “bener kan aku di vaksin barusan???”
Positive,20:53 masih aman semua dari efek booster Astrazeneca
Positive,"tadi pagi aku vaksin pake astra, siang nya Cuma linu aja"
Positive,nggak ada efek yang sampek gila
Positive,"alhamdulillah aman, soalnya aku makan dulu"
Positive,"sebelum vaksin usahakan makan ya, biar kipi nya nggak aneh-aneh"
Positive,gini aja efek nya? Ringan banget ya di aku
Negative,"Sebenarnya aku bingung korea selatan kasusnya naik lg tu knp.. pdhl 80% masyarakat dah vaksin.. bahkan bukan vaksin sinopak, tp astra pfizer moderna yg katanya efek nya 80-95% apa udh ilang kali ye efeknya "
Negative,"pas lagi nunggu kartu nya dimarahin trs dibawa ke dokternya lagi tp dokternya malah santuy bilang yaudah nanti vaksin astra lagi bulan desember gtu yg sinovac kmren alhamdulillah ga ada efek apa2 sih, cuma pas astra aku demam"
Negative,"Vaksin astra sesakit ini efek nya, kek kepala tuh mau di copotin"
Negative,"Vaksin Astra ncen taek a yo efeke... Kok bisa demam tinggi semaleman, sampe skrg badan juga masih remuk"
Negative,"Udh beres vaksin astra yg ke-2, setelah 3 jam baru kerasa efek pegel aja di daerah bekas suntikan. Semoga gak ada efek yg lain lagi tp tetep hari ini kayaknya mau rest aja. Sampai jumpa"
Negative,"Mari kita tengok efek kurang tidur, minum kopi & teman""nya segt banyak nya, setelah efek vaksin astra. Semua jadi satu. Mantaap"
Negative,"mana efek vaksin ke2 astra jg , bekas suntik nya sakit , meriang"
Negative,"Kirain efek vaksin kedua astra lebih parah daripada pertama, ternyata cuma ngantuk sama laper parah"
Negative,"kata siapa ga efek apa”???? di kompleks gue yg pake astra dosis 2 pada jatuh semua lo beruntung aja ga ada efek apa”, kan setiap orang badannya beda gak semua bisa oke aja abis vaksin kaya elu"
Negative,"Kalian yg vaksin dosis 2 khususnya yg astra, ngerasain efek sakit kaya pas dosis 1 ga"
Negative,kak ambil yg astra ya? tante loyo soalnya vaksin yg itu emang agak keras efek sampingnya 1
Negative,Ini efek vaksin astra kalinya pusing banget astaga
Negative,"Hari ini aku vaksin astra dosis 2. Alhamdulillah akhirnya vaksin penuh juga tapi takut kaya pas dosis 1 karna punya auto imun, eh efek sampingnya kaya kena covid beneran di aku :("
Negative,"hari H suhu badan panas dan tangan pegal. Sehari setelah vaksin Suhu badan menurun, seluruh badan pegal dan muntah berak. dua hari setelah vaksin suhu badan panas, pusing, setiap jantung berdetak terasa ditusuk dan sesak nafas. tiga hari setelah vaksin suhu badan menurun & sesak nafas"
Negative,Gejala kebanyakan lembur ganti jaga tenggat waktu rasanya uda melebihi efek vaksin astra
Negative,"Gak nyangka banget kalo efek nya vaksin astra sesakit ini :"" Pala pusing sekali ,mual ,kaki njarem semua wes lah gak ngerti lagi uda kek pasrah"
Negative,"ga tau efek dulu pas kena covid gatau efek vaksin astra, sekarang kalo makan yang ada unsur hewani nya jadi mual, rasanya tengik, sama kecium bau yang aneh banget. apalagi kalo makan telor sumpah pengen muntah:( ada yang pernah ngalamin?"
Negative,Efek Vaksin Astrazenaca dimulai
Negative,"Efek vaksin astra? Baiklah, kita lanjut lagi"
Negative,"Efek vaksin Astra yang kedua : Ga ada efeknya, ngantuk doang, ga bisa tidur. Mataku"
Negative,"dipikir pikir syukur juga ya Indo vaksin utamanya (dosis terbanyak)nya itu Sinovac, ngeliat cerita temen2 yg suntik astra atau moderna, KIPI nya serem jg ada yg sampe muntah2, bayangin kalo efek kaya gini dilihat antipeks, pasti rakyat makin susah mau divaksin"
Negative,demam pegel nyeri ngilu aku vaksin astra soalnya jd efek di aku kayak gitu 2 harian apa aku panas tinggi sm nyeri disekujur badan
Negative,"dahsyat bgt efek vaksin astra panas tinggi, menggigil, pusing sama selera makan ilang"
Negative,bukan vaksinnya ga bekerja tp aga mending efeknya. Ibu aku vaksin astra ga ada efek sma skali segar bugar. Tante ku vaksin astra 2 minggu sakit demam ga bisa nyium bau dan ga bisa rasain makanan. Pas d kasih air kelapa mendingan trus smbuh. sama seperti pas lagi sakit biasa.
Negative,"Efek vaksin astra dosis 2, sakit di bekas suntikan, seluruh badan pegal2 masyaallah . Tips buat yg badannya ringkeh kalo bisa jgn astra "
Negative,"Efek vaksin astra di aku manteb banget ya ampe bisa masuk igd, bangun tidur udh ngerasa baikan banget. Pengen ntr sore KKN tapi takut semaput tengah jalan "
Negative,Efek vaksin astra bukan maenn
Negative,Efek vaksin astra astra pegel kabeh awakku
Negative,efek setelah vaksin Astrazeneca bukan katanya lagi sudah bener nyata sakitnya.
Negative,Efek samping vaksin ke 2 kok makin menjadi gini ya. astra
Negative,Efek samping vaksin AstraZeneca apa yaa ? Besok mau vaksin dosis 1 takut karna bilanya vaksin Astra kerasss…
Negative,Efek kipi vaksin kedua Astra malah ngantuk mulu bawaanya trs mager makan
Negative,"efek kena jekpot ni, jadi pusing kan nyari dimana tempat yg ada vaksin sinovac :( ke kliniknya, lah yg ada lagi astra. Ke puskesmas, yg ada juga astra :( aiguya, kalau teman2 di jogja ada yg tau dmn vaksin sinovac dan bisa nerima dosis 2, bisa kabarin saya ya. terimakasih :)"
Negative,efek dr vaksin ke-2 astra: ngantuk bgdd
Negative,"efek astra di ak cuman pusing, badan panas sama pegel sampe hari ketiga abis vaksin masih sakit"
Negative,doain ya semoga ga dapet efek samping vaksin astra dosis kedua. takut bgt kalo demam kaya waktu vaksin pertama :(
Negative,"Aku pake astra, vaksin 1 demam + sakit kepala, vaksin kedua gk tau, nanti tanggal 10. doain gk ada efek :')"
Negative,"ada saran gak bagi yg terpaksa covid? Sepupu ane selalu mengeluh pusing sperti vertigo begitu stelah menerima vaksin astra pdhal sblumnya gak pernah. Kata dia, terasa seperti ad sumbatan darah d kepala gitu pas vertigo datang. Ap itu efek kipi dari vaksin ya?"
Negative,ada ga yg vaksin pake astra? efek vaksinnya berapa lama udh semaleman masi ga enak badan
Negative,"vaksin sinovac kayaknya, setauku itu astra dosis nya tinggi jadi ga bagus buat beberapa orang. aku juga untungnya ga parah banget efek samping nya, iya pas mau vaksin aku saranin banyak minum air putih ya biar pas di tensi bagus"
Negative,"bapak ku vaksin astra, katanya dosisnya agak tinggi dari sinovac, bapak ku pas udah vaksin langsung demam sih tp besoknya udh baikan, mungkin efek sampingnya kali ya"
Negative,Efek samping vaksin astra bikin ga kuat
Negative,"Kalau liat dri google efek samping vaksin astra lebih banyak. kemarin vaksin astra cmn berasa nyeri aja dibagian bekas suntik, selebihnya gak ada."
Negative,"Iya katanya efeknya lebih kerasa yg astra. Tapi tergantung orangnya sih. Ada yg ga ngerasain efek, penting fit aja pas vaksin"
Negative,Maaf maaf bgt maaf. Vaksin astra tu bagus walaupun ada efek samping yg kyak demam gt. Tp itu cuma beberapa hari kok
Negative,"Vaksin astra efek sampingnya ngeri kah? Soalnya yg laku keras sinovac, astra mah masih sisa tp aku tidak mau daftar mau nunggu sinovac aja :("
Negative,"efek astra yg kurasain cuma pegel2 demam ringan dan langsung kuhajar paracetamol ..hbs vaksin pagi, sore badan langsung dipake buat olahraga jadi amanlah astrazeneca"
Negative,Efek vaksin astra zeneca memang mantep pol
Negative,"efek sampingnya parah bgt nder, kemarin gue vaksin pertama pakai astra efek samping yang gue rasain : menggigil, jantung berdebar, demam, lemes, pegel, tangan bengkak yang abis di suntik vaksin, pusing, pilek komplit ya"
Negative,"Emang kayak nya efek nya gtu kak malem nya setelah di vaksin biasanya demam menggigil tapi nanti besok nya atau 2 hari setelah nya sembuh, soal nya aku kemarin juga gtu kak habis di vaksin yg astra"
Negative,emg bener kalo pake astra tuh gokil bener efeknya
Negative,ternyata udah lama jg ya g buka tweet gegara tepar. Sempet demam dan pusing 2 hr krn efek habis vaksin astra. Kalian apa kabar ??
Negative,Efek vaksin Astra kedua masih sama2 demam 
Negative,Vaksin astra dosis 1 efek demamnya sehari aja di i dan ini sisa linu2 ama sakit kepala nya aja dikit
Negative,Bener bener ya ini efek vaksin astra udh 3 hari tapi masih kerasa. Pengennya malas malasan seperti cucian
Negative,Asli sih efek samping vaksin astra kedua bener bener gokil.
Negative,ibu adalah satu satunya orang di rumah yang tidak mengalami efek samping vaksin astra
Negative,"astra, vaksin pertama demam 3 hari vaksin kedua pusing sama pegel. emang badan gue aja yg cemen jadinya kena efek vaksin :("
Negative,"kuat banget emak gue vaksin pake astra kaga ada efek samping apa"""
Negative,"Aku kemarin ya baru vaksin, oleh astra. efeke, pusing malamnya, mual & sempat panas. Sesuai testimoni org2 "
Negative,"Astra emg gitu , kadang ada efek mual , meriang , keringat dingin , menggigil setelah vaksin"
Negative,Moderna sama kaya astra gak sih ??? Aku mau nanya sama yg vaksin astra efek vaksin ke dua nya bagaimana. Soalnya efek pertama nya tuh kaya simulasi mau meninggal di aku
Negative,"Tergantung jenis vaksin nya. Klo kamu astra, beberapa org terdekat aku abis disuntik ada efek samping nya. Tp gmn kamu pas vaksin ke 1 aja. Sama kok g beda"
Negative,"mau nanya, ada yg vaksin pake astra ga? efek sampingnya apa? aman ga ya buat usia 50an ke atas? aku sama mama ku mau vaksin besok"
Negative,emang dosis 1 vaksin apa? yg efek samping aga lebay tuh astra kalo ga salah
Negative,efek vaksin astra bikin nyiksa jadi ngedrop gini badan
Negative,Suntikan pas vaksin astra kedua kenapa lebih kerasa ya. Tp efek sampingnya alhamdulillah ga ada 
Negative,Efek vaksin Astra gokil bgt. Udah kaya abs disuruh tanam paksa sama Belanda
Negative,"Mau vaksin dapetnya Astra, baca review yang di Vaksin ini tuh katanya malam nya demam dan badan ngga enak. Abis vaksin dikasih ini, aku lega lah dikasih ini kukira ngga bakalan ada efek sampingnya. Taunya tadi malem demam, rasanya ngga enak banget sampe ngga bisa tidur"
Negative,mulai nyeri efek vaksin astra :)
Negative,"habis vaksin astra hari senin. mari kita list efeknya : habis vaksin bgt alias tet, lengan yg abis di cus cenut” sakit sampe sore, pas sore efek cenut” di lengan hilang diganti badan panas dan pusing + sekujur badan cenut” "
Negative,Efek vaksin Astra dosis 1 buat badanku cuman lemes seharian
Negative,"Pak udah rela di suntik vaksin astra, efek sampingnya ngadi ngadi, tapi tidak apa apa asal tatap muka <3"
Negative,apa cuma aku yg ga ngerasain efek sakit setelah vaksin dosis 2 astra?
Negative,"aku astrazeneca, udah vaksin ke 2. efek nya sama, cuma lebih ringan di vaksin ke 2. efek ku cuma susah tidur sama sakit kepala. ga demam"
Negative,Abis vaksin Astra kemarin di rumah sakit sama mama. Alhamdulillah mamah ga ada efek sama sekali. Tpi gua biasa meriang dan sakit lengan. Tpi tidak apa apa si mending gua yg ada efeknya klo mamah kasihan:(
Negative,"jam sebegini kebangun, efek vaksin astra bikin meriang:( panas, cenut cenut"
Negative,"jujur pas disuntik tuh ga sakit, walaupun sakit juga yaudah gue ga takut jarum. tapi efek vaksin nya di gue kuat bgt sakit nya tuh sakit gitu lah ripuh kalo kata orang sunda (ini di gue yaa sama pake vaksin Astra)"
Negative,"tidak tau kenapa habis vaksin astra jadi pegel semua badan ku, ditambah kalo malam tidak bisa tidur"
Negative,saudara ku pakai sinovac langsung drop semua
Negative,"Vaksin 1 sinovac efek ngantuk & lapar, dosis keduanya tepar ky waktu kena covid"
Negative,"Tgl 8 sept kemarin vaksin dosis 1 sinovac, sehari demam setelah itu nyeri perut mayan sakit banget 3 hari, trus haid. Ini dah hari ke 9 haid, keluar nya banyak banget... Dan jadwal maju 2 minggu. Mau ngadu, jawaban nya bukan efek vaksin. Pdhal sebelum vaksin biasa aja... Jd galau"
Negative,"aku habis pulang vaksin langsung panas dingin, aku pakai sinovac. Mungkin karena sebelumnya aku ngga makan."
Negative,"Sinovac. Kalo vaksinnya aku ga ada efek apa2 pas abis vaksin. Trs baru ketauan pas itu makan almond kan, kok tiba2 jd gatel2, akhirnya aku coba tes beberapa kali lagi ternyata iya jd alergi almond "
Negative,"Nggak kalo nggak salah pfizer baru vaksin langsung demam beberapa hari gitu efeknya, kalo sinovac efek awalnya belum keliatan tuh nanti pada udah lama baru keliatan efeknya gitu sih yang gua tangkep"
Negative,nggak ada yang sinovac apa kak? aku pas mau vaksin didaftarin mama sinovac karena kata orang2 moderna efek sampingnya gitu...  sinovac vaksin kedua aja tanganku pegel....
Negative,mending kenek efek samping daripada kenek temenan. Aku kenek temenan demam iku meh seminggu sak pilek2 e  dan iku wis vaksin sinovac 
Negative,"Kok aing gatel2 disekitar leher, telinga sama kedua tangan ya. Efek vaksin sinovac gitu?"
Negative,"Kenapa yang vaksin Sinovac mayoritas (rata- rata) gak ada efek setelah vaksin? 
Kenapa aku berbeda? 
Trauma deh kayak Vaksin pertama langsung kena covid "
Negative,"Kalau aku pribadi efek dari vaksin 1 sinovac pegel di bagian bekas suntiknya, tapi pas vaksin ke 2 malah ga tau nya kena gastroenteritis (lgi ga lucky kek nya)"
Negative,"Iya memang habis di suntik efeknya memang semua nya yg sudah mengalami terasa pegal 3 hari, efek suntik vaksin beda - beda. Tadi adek di suntik vaksin apa sinovac atau astrazeneca ?"
Negative,"iya gak mau, dikantor yg vaksin trakhir itu saya kak, saya tunda2 mulu karna saya jujurly takut efek samping kedepannya. walopun cm make sinovac. tp badan brasa bgt cepet capek. pdhl sering mnum vit c atau imboost pasca vaksin. emg HRD ku aja yg kek anjing"
Negative,"ibu saya tanya jawabnya tidak apa apa dan surat vaksin kedua ibu saya ditulis vaksin sinovac katanya tidak apa apa,, apakah ada efek sampingnya dok, soalnya hari ini ibu saya badannya lemas + panas, mohon penjelasannya dok, terimakasih "
Negative,"Hari ke 3 dan gw masih demam hbs vaksin astrazeneca. Efek sampingnya memang lebih tinggi dari pada vaksin sinovac. Astrazeneca jg gak bisa di pake untuk anak sekolahan ,harus usia 18 thn ke atas."
Negative,Efek vaksin sinovac dosis 2 pegel bgt tangan bekas suntikan dan ngantuk
Negative,Efek vaksin kedua sinovac ke aku. Rasanya lebih ga enak. Badan ku sakit pegel2 dan mual2 
Negative,"efek vaksin kedua gini amat, pdhl cuma sinovac Kepala berat banget rasanya "
Negative,"Efek Vaksin 1: Nyeri di daerah suntikan, demam, haid telat 10 hari Efek Vaksin 2: Nyeri di daerah suntikan, sakit kepala seminggu (Blm tau haid telat atau engga krn suntik setelah kelar haid)"
Negative,Efek samping vaksin sinovac ke 2 idung meler sebelah
Negative,"Biasanya memang gt . Efek dosis 2 di masing2 vaksin pasti lebih berat dibanding vaksin pertama. Sekelas sinovac aja, utk vaksin dua lgsg demam . Moderna pasti lebih naik"
Negative,"berarti sinovac efek sampingnya hampir sama juga ya sama moderna, tergantung juga tiap tubuh orang beda2 reaksinya. Aku vaksin pertama moderna besoknya pusing, mual² doang ngga sampe muntah, tpi bude aku muntah2 trus, Adek ku vaksin pertama sinovac baik² aja ngga ada efek"
Negative,"Belum lama ini baru vaksin pertama, alesannya 1. males ngantri, 2. takut efek sampingnya mana lagi sibuk skripsi, 3. takut jarum suntik . Tapi akhirnya vaksin (sinovac) juga  kejadian juga yg nomor 2, 2-3 hari badan ga enak. Padahal pas vaksin ga ngerasa apa² selain pegel."
Negative,"Alhamdulillah gue aman aman aja. Ayo vaksin .. 
Singapura Laporkan Lumpuh Wajah Jadi Efek Samping Serius Vaksin Sinovac
Singapura mencatat 5 laporan dugaan efek samping serius vaksin Sinovac. Salah satunya adalah laporan kejadian Bell's Palsy."
Negative,aku udah 2x vaksin nder. vaksin pertama cuma rasa lapeeeerr banget. itu seharian. trus vaksin ke2 badan jd agak demam sekitar 2 hari. aku pake vaksin sinovac btw. tp efek pada tiap org beda2 sih nder. yg pasti jaga kesehatan aja jgn lupa sarapan sm istirahat cukup sblm vaksin ya
Negative,Singapura melaporkan sekitar 90 kasus efek samping usai disuntik vaksin Sinovac. Dari 90 laporan tersebut ada lima laporan yang mengatakan efek sampingnya serius.
Negative,masalahnya gua lupa nanya vaksin apa ini tp pas nanya ke ibu gua si sinovac. Sampe skrg cuma ini efek sampingnya jdi pas naikin lengan nyeri gtu
Negative,"90 Dugaan Efek Samping Usai Vaksin COVID-19 Sinovac di Singapura. Efek samping ini termasuk satu laporan masing -masing Bell`s Palsy, reaksi alergi serius dan vertigo dengan telinga berdenging, serta dua laporan anafilaksis."
Negative,"kalo aku malah kebalikan dari vaksin pertama efek sampingnya + nyeri tangan sedikit, sinovac"
Negative,Ngeri banget emang efek vaksin sinovac 
Negative,Efek nonton red lights setara dengan suntikan vaksin sinovac dosis 1
Negative,Yang udah vaksin sinovac kalian ngerasain efek apa aja? aku: pegel banget 
Negative,Ayah gue vaksin kedua sinovac malahan efek pegel²nya ga terlalu kerasa daripada vaksin pertama. Tapi efek ngantuk sama laper trsnya 2x lebih kuat drpd yg pertama. Mungkin setiap orang efeknya beda² ya vaksin kedua lebih sakit daripada vaksin pertama
Negative,Aku sinovac. Di aku vaksin pertama dan kedua merasa efek pegal itu selama 3 hari.
Negative,Efek abis vaksin sinovac jadi ngantukan banget ya
Negative,"Kakak saya yg selama 2 bulan terakhir ini merasakan efek busuk vaksin dosis 2 sinovac, siang ini akhirnya masuk rumah sakit dan harus rawat inap."
Negative,efek vaksin sinovac ko skrng malah agak pusing knp ya
Negative,Efek vaksin masyaallah ngantuk + laper bgttt #Sinovac
Negative,efek vaksin sinovac dosis kedua badan jd pegel2 lemes
Negative,"Agak ngeblank gitu, efek vaksin sinovac ini, ngantuk- ngantuk agak gimana gitu"
Negative,"Udah 2x, vaksin sinovac, dosis pertama baik - baik aja, dosis kedua ada efek yakni pegel - pegel, panas dalam, pusing."
Negative,"sinovac dose 1 hari pertama ngantuk (entah efek vaksin atau emg karena proses antri), hari kedua mulai pening kepala gantian kanan kiri (migrain yang bergantian), hari ketiga linu di punggung, pinggul, kaki"
Negative,entah kenapa malah aku pake sinovac itu kipi nya kerasa banget ya
Negative,"ibu, ayah ku pakai sinovac beberapa jam kemudian langsung pusing banget"
Negative,"kebanyakan orang pakai sinovac gak bermasalah ya, tapi waktu aku kok langsung wow banget rasanya"
Negative,"katanya gak ada efek, tapi kok gini :( nyeri, mual, pusing jadi satu"
Negative,"padahal sinovac terkenal gak ada efek, tapi setelah di coba ada kok efeknya nyeri banget"
Negative,"gak bisa bangun seharian, karena aku habis vaksin sinovac"
Negative,"gak semua pake sinovac bisa terbebas efeknya ya, aku aja kena efeknya… parah lagi"
Negative,pulang vaksin langsung tidur karena meriang banget
Negative,"sampek sekarang tangan ku masih nyeri banget, padahal vaksin ku kemarin"
Negative,apa karena aku gak makan ya? Soalnya efeknya gila banget ini parah nya
Negative,"pegel nya makin terasa, sakit banget buat ngangkat tangan keatas"
Negative,"memang gak ada efek yang sampek parah sih, cuman tangan sakit banget gila… buat bawa boneka yang ringan aja nyeri banget"
Negative,"habis vaksin sinovac tadi nya nggak apa-apa, setelah 3 jam langsung parah efek nya"
Negative,"baru ini ngerasain efek samping yang sakit, padahal ulasan orang-orang nggak sesakit ini"
Negative,"aku pake sinovac, dan apa yang terjadi? Efek nya sampai 5 hari belum selesai"
Negative,saudara ku sinovac pingsan sampai rumah
Negative,entah kenapa sinovac bikin diriku jadi panas
Negative,"gak bisa bangun karena tangan sakit banget, ditambah pusing"
Negative,"beda-beda, ke aku efek nya parah, padahal di adik ku nggak"
Negative,alhamdulillah gak bisa bangun
Negative,"optimis gak ada efek, tapi ternyata efek nya datang bertubi-tubi"
Negative,habis paracetamol 3 biji tapi nggak turun-turun efek dari sinovac
Negative,"ayah ku pake sinovac, besok nya langsung ijin gak masuk kerja"
Negative,"pegel nya makin terasa, sakit banget buat ngangkat tangan keatas"
Negative,"memang gak ada efek yang sampek parah sih, cuman tangan sakit banget gila… buat bawa boneka yang ringan aja nyeri banget"
Negative,"habis vaksin sinovac tadi nya nggak apa-apa, setelah 3 jam langsung parah efek nya"
Negative,"baru ini ngerasain efek samping yang sakit, padahal ulasan orang-orang nggak sesakit ini"
Negative,"aku pake sinovac, dan apa yang terjadi? Efek nya sampai 5 hari belum selesai"
Negative,saudara ku sinovac pingsan sampai rumah
Negative,entah kenapa sinovac bikin diriku jadi panas
Negative,"gak bisa bangun karena tangan sakit banget, ditambah pusing"
Negative,"beda-beda, ke aku efek nya parah, padahal di adik ku nggak"
Negative,alhamdulillah gak bisa bangun
Negative,"optimis gak ada efek, tapi ternyata efek nya datang bertubi-tubi"
Negative,habis paracetamol 3 biji tapi nggak turun-turun efek dari sinovac
Negative,"ayah ku pake sinovac, besok nya langsung ijin gak masuk kerja"
Negative,"Mantap sakit banget ini lengan ku, kayak bengkak"
Negative,"udah habis paracetamol banyak, tapi kayak nya gak mempan :)"
Positive,"Yang pertama kali vaksin sinovac, ada efek sampingnya ga? Kayak muntah² gitu dan mual sampe berhari- hari? — Aku tidak"
Positive,"ini pada nanya ada apa sama sinovac, sinovac itu jenis vaksin yang virusnya 'dimatikan', jadi efek habis vaksinasi sinovac itu lebih ringan dibandingin jenis vaksin lain yang jenis virus 'dilemahkan'. karena itu jadi bbrp negara belum mengakui sinovac"
Positive,"sama, aku vaksin sinovac 1 sama 2 tidak ada efek samping apa apa"
Positive,"kalo secara efek samping, sinovac itu ga separah dibandingkan pfizer dan moderna.. jadi kemungkinan terkena lagi itu tinggi. makannya kalo buat ke luar negeri tidak di perkenankan, alternatif nya ya vaksin lagi :D"
Positive,"Ada faedahnya juga pas di rumah repot gini. Jadi, semua - semua pada vaksin. Efek domino. Orang - orang yg awalnya 'tidak' jadi 'iya'. Apalagi karena sinovac efeknya lebih ringan, yg pengen vaksin tapi takut, jadi berani."
Positive,Efek Samping Vaksin Sinovac pada Anak Tak Beda dengan Dewasa
Positive,Berarti bener ya efek dr vaksin kedua lebih parah dari yg pertama  tp yg dpt sinovac pertama kedua aman2 aja kyknya
Positive,"vaksin pertama sm kedua efek nya sama sama ngantuk sm tangan pegel aja, tp yg pertama pegel nya sampe 3 hari, klo yg kedua cuma sebentar aja. aku sinovac dua duanya"
Positive,"Datang aja dulu, kan ntar ditanyain jg sm petugasnya. Temenku waktu itu vaksin kedua sinovac tetep bisa vaksin dan tidak ada efek samping, dia alergi dingin jd lg bersin2. Tp kalo aku waktu itu vaksin moderna, orang  yg sebelum aku jg lg batuk pilek tp ga boleh vaksin dulu"
Positive,"kalo vaksin nya pake yg sinovac aku waktu itu gak ada efek samping padahal lagi batuk sampe sesek kadang, beneran tidak ada efek samping sekarang juga udah sembuh batuknya"
Positive,Aku vaksin sinovac 1-2 tidak ada efek
Positive,Alhamdulillah ibu hari ini sudah vaksin ke 2 pake sinovac aman gk ada efek samping cm ngantuk bilangnya  sehat2 yo
Positive,Sinovac gak ada efek sama sekali sih tp utk anak2 5-12 pasti dosis setengah dari org dewasa kan Aku pribadi ngerasain setelah vaksin tuh tiap mau flu aja gak jadi.. kalo biasanya bisa flu berat ini cuma hidung gatel aja atau ingus bening.. tanda kalo antibodi aku jd lebih kuat
Positive,"maaf baru respon, untuk efek vaksin ga terlalu berat ko kalau untuk yang vaksin Corona-vac /sinovac. efeknya cuman ngerasa laper sama ngantuk aja, dan untuk hari ke 2 setlah vaksin mungkin tangan rada keras dan kayak berat gitu."
Positive,"26 Okt9.27: kok ga berrasa sakit kayak waktu Sinovac ya, 21.50: ya Allah tangan pegel banget 
"
Positive,"Lah emg yg dibeli yg ga diakui? Sinovac diakui WHO dan jelas ga seheboh pfizer moderna krn tu 2 vaksin asal amerika serikat yg lg sensi ama apapun yg berbau cina,lah tu 2 aja jg ga bebas efek samping, Sekali lg ,klo u mau herd immunity dgn cara natural silahkan ,lagian keburu mati banyak"
Positive,Tergantung jenis vaksin dan imun tubuh masing2 gak si? Kamu vaksin apa? Aku sinovac dan emang efek nya gak ada.
Positive,sinovac kyknya ga terlalu parah deh efek samping nya yg penting di jaga imunnya oke semangat ayo vaksin biar lancar administrasi dan sehat juga
Positive,Anakku sih nggak.. ky ga ada efek malah dia pas vaksin 1+2..  *Kl aku sinovac efek ngantuk + laper
Positive,"Klo lewat laut hrs vaksin lah, Klo gak mau ad efek yg sinovac stlh vaksin minum degan"
Positive,"pas lagi nunggu kartu nya dimarahin ,trs dibawa ke dokternya lagi tp dokternya malah santuy bilang yaudah nanti vaksin astra lagi bulan desember gtuu, yg sinovac kmren alhamdulillah ga ada efek apa2 sih, cuma pas astra aku demam"
Positive,Aku tadi banget vaksin sinovac yg kedua jam 12an terus ga ada efek apa apa si cuma sekarang merasa gerah banget tidak tau itu efek vaksin apa bukan kalo yg pertama si cuma pegel aja
Positive,Vaksin pertama & kedua sinovac alhamdulillah ga ada efek apa2 hanya kadang rodok kangen wae
Positive,"pastikan kondisi anak sehat, tidak ada riwayat penyakit & jaga imun tubuh sblm vaksin (istirahat cukup & makan sblm vaskin). kalo sinovac/ coronavac mah enteng aja efek sampingnya, yg rada berat klo moderna /pfizer /astrazeneca"
Positive,Vaksin apa emg? Kmrn gua sinovac duanya ga ada efek
Positive,Aku vaksin sinovac 1 2 ga ada efek apa2 sih kak
Positive,Gue vaksin sinovac aman aman aja deh malah ga ada efek samping
Positive,"Tapi pas pfizer sama moderna ga sebanyak sekarang, Sinovac lebih dipilih dibandingkan AstraZeneca karena efek sampingnya lebih ringan. Coba kalo dipake dari awal moderna, keknya orang banyak ga mau vaksin kali karena efek sampingnya"
Positive,"Gue kira pas kemarin vaksin tuh pake sinovac ternyata Astrazeneca, pantes aja efek samping nya lumayan bgt ......"
Positive,"Aku vaksin Sinovac. Dan mnrt ku iya rasa abis disuntik (ditempat suntiknya) itu lebih sakit dari vaksin ke-2. Tapi dua""nya gk ada efek apa"" di aku, kyknya gegara badan ku badak deh, tenaga kesehatannya sampe bingung karna aku bilang gk ada penyakit/ gelaja sama sekali selama jeda vaksin 1 & 2"
Positive,update vaksin sinovac pertama (smpe skrg untuk efek sampingnya cuman jadi makin kangen sama jungwon dan yoshi)
Positive,"Tergantung jenis vaksin. Kalo sinovac kebanyakan gak ada efek ,paling pegel bentar di lengan yg disuntik. Tapi katanya kalo sinovac beberapa negara gak nerima :)"
Positive,aku vaksin sinovac tidak ada efek apa apa kyak hari hari biasa nya aja gtu
Positive,"Bagiku, vaksin ini punya efek mantep  ...jadi suami ku setelah positif covid pada oktober 2020 batuknya gak ilang2 walaupun minum obat, seringnya batuk muncul saat malem. Dan itu hampir 1 tahun. Nah, setelah dapet vaksin sinovac pada agustus kmren, batuknya bisa ilang"
Positive,Bersyukur banget gue waktu itu vaksin dosis 1 & 2 pake sinovac. Efek sampingnya cuma tangan pegel & laper terus. kemarin nyokap abis vaksin dosis 2 pake moderna. efek sampingnya lumayan bikin deg²an. Sampe nangis² semalem. Pagi ini juga masih merintih kesakitan. Gak tega 
Positive,tergantung deh keknya  tergantung vaksin juga kemarin ku pake sinovac efek sampingnya cuma ngantuk aja sih 
Positive,"kamu vaksin apa? klo aku sinovac, emang katanya gak terlalu bakalan nimbulin efek paling pegel doang.."
Positive,"Aku vaksin kedua sinovac gak ada efek apa apa kayak gak disuntik, malah lanjut kerja lagi "
Positive,"Aku vaksin kedua sinovac ga ada efek apa"" nder, malah lebih pegel pas vaksin pertama."
Positive,Nyokap gue nder. Malah baru sebulan kalo gak salah. Tapi nyokap gue gak ada efek apa apa setelah vaksin. Vaksinnya yg sinovac
Positive,"Karna aku vaksin sinovac jd, gak ada efek apa- apa kayak lebih enak aja dibanding ke-1 yang pegel- pegel banget."
Positive,"Usia 27 vaksin dosis pertama sinovac, vaksin dosis kedua moderna dua- duanya hanya memberi efek ngantuk setelah vaksinasi."
Positive,"ayah ak vaksin dapetnya yg Astra, awalnya aku bilang kalo bisa yg sinovac aja tapi trnyata dapetnya Astra aga ngeri aku pas ayah vaksin karna efek Astra kan lebih berasa, trus pulang vaksin dapet obat alhamdulillah tidak apa apa cuma aga pegel tangannya sama demam sedikit"
Positive,"Ayah aku 50 tahun juga, ada riwayat asam lambung akut, kemarin vaksin sinovac alhamdulillah aman ga ada efek samping apa2 setelah nya"
Positive,"kakek nenek aku 70 tahunan udh vaksin 2 kali, sinovac, tidak ada efek yg buruk sih alhamdulillah"
Positive,"Bapak udh vaksin sinovac 2x, umurnya 50+. Alhamdulillah efek sampingnya sama aja kayak kita2, cm pegel2 lengannya."
Positive,Ayah ku vaksin sinovac ga ada efek samping apa2
Positive,"Mama ku umur 50++ udah vaksin sinovac 2 dosis, alhamdulillah sehat2 aja tidak ada efek apa2. Cm ngantuk aja katanya pas vaksin 1, pas vaksin 2 ga kerasa apa2. Kalo ayah mu ada riwayat penyakit, konsul sama dokter dulu aja biar lebih yakin buat vaksin."
Positive,papaku ndak ada efek ko umurnya <50 dia vaksin sinovac
Positive,"bapaku 53 udah vaksin 2x pake sinovac nder, efek sampingnya apa ya? tapi pas abis vaksin tangannya pegel doang si udah"
Positive,kakek ku dah vaksin sinovac gak ada efek
Positive,"Umur ayah ku 50+ alhamdulillah udah vaksin lengkap, tapi pke sinovac ga ada efek samping sih cuma katanya laper terus gitu"
Positive,"Ayah ku umur 50 an udh divaksin, awalnya ayahku jga takut tapi akhirnya mau jga, ga ada efek samping nya kok. Btw ayah ku pake vaksin sinovac"
Positive,ambil vaksin sinovac .. insyaallah gak ada efek. kalo moderna kebanyakan ada efek setelahnya demam.
Positive,"Iya saya lebih percaya pake vaksin ""jaman dahulu"" kek vaksin Covid Sinovac ini. Kalo yg pake cara baru bikinnya ,gak tau efek jangka panjangnya juga."
Positive,"Tergantung jenis vaksin sama kekebalan tubuh masing2 sih, gw pertama kedua pake sinovac efek sampingnya cuma pegel doang"
Positive,Iya pake moderna. Bener2 jauh bgt efek KIPI nya dibanding setelah vaksin sinovac. Demi perlindungan diri
Positive,"Kayaknya udh lama banget ga nyetrika jam segini. Biasanya selalu siang. Efek dr vaksin sinovac, anak w tidur gw pun tidur. Sampe 3 jam pula."
Positive,gua vaksin sinovac 1 sm 2 kaga ngerasa efek apa apa serius
Positive,"Mayan ya moderna, memar abis d vaksin, sakitnya kek abis kebentur, sakitnya se lengan, demam dikit jg, pantesan d kasih paracetamol langsung sm petugasnya, bulan kmrn sinovac ga ada efek sm sekali"
Positive,Semoga ga kenapa2 yaa setauku efek sinovac lebih rendah drpd vaksin yg lain
Positive,"Kayaknya iya dan juga tergantung imun tubuh. Aku pake sinovac sih dan alhamdulillah ga ada efek apa2. Kakak ku pake astrazeneca waktu vaksin pertama demam & badan pegel2 gitu, tapi vaksin keduanya gak kenapa2. Ayah ku juga astrazeneca dan ga ada efeknya, tp nafsu makannya meningkat"
Positive,"Vaksin apa? Kalo moderna emang biasanya ada efek samping, kemarin si jovinca demam gr2 vaksin moderna, tp aku sinovac 2x aman2 aja ga ada efek samping sama sekali"
Positive,Kemarin vaksin Sinovac dosis kedua. Efeknya pusing dari siang- tengah malam. Ngantuk karena efek setelah minum paracetamol aja.
Positive,"Di gua si ngga ya, gua vaksin yang Sinovac dan efek nya cuma ngantuk parah sama laper terus."
Positive,"Sudah vaksin sinovac 2 kali dan ga ada efek samping sama sekali. Kurasa aku bisa menyebut diriku beruntung, tapi parno juga, berasa kayak gak vaksin."
Positive,"Syukur Alhamdulillah kalau udah membaik. Emang baiknya banyak istirahat kalau abis vaksin. Apalagi kalau dapetnya yang AZ atau Moderna. Sepengalaman temen2ku yg dapet jenis itu, efek pasca vaksinnya bikin sakit ngga kaya sinovac yang cuma bkn ngantukan dan laper terus."
Positive,"Ponakan gw mumpung dibolehin vaksin, dia pilih pfizer daripada moderna. Pas bolehnya moderna, dia takut. Takut sakit krn suster2nya ceritain efek sampingnya gimana. Dokternya sampe bilang, kalo dia takut sama efeknya, sinovac juga tidak apa apa."
Positive,kayak biasa ..kerja panas2 lagi ..aku sinovac  ..allhamdulillah sinovac ngga ada efek samping buat tubuh aku baik vaksin 1 vaksin 2
Positive,"Buat kalian yang belum vaksin, dan bingung mau vaksin apa, saran aku mending sinovac aja. Soalnya tadi aku denger orang ngobrol di warung mie ayam kulon alun - alun, kalo efek disuntik vaksin sinovac cuma marekna kencot. Serius, saya ga bohong, andai saya rekam."
Positive,serius pake astra/ moderna efeknya kaya gitu? gw tadinya pengennya vaksin itu tp dapetnya sinovac dan ngga ada efek samping apapun
Positive,"Serius? Padahal Sinovac yang punya efek paling ringan. Atau biasanya ada yang gak ngadain vaksin massal. Tapi masih ga terlalu banyak, sih yang pake Moderna"
Positive,"Gue vaksin astra zeneca, orang tua sinovac. orang tua ga ada efek samping sama sekali sedangkan gue efek sampingnya cuma demam sehari, abis tu sehat vaksin kedua malah ga ada efek sama sekali"
Positive,"Pegel doang sih nder, sinovac efek sampingnya ringan. Asal sebelum dah sesudah vaksin kesehatan nya dijaga jangan sampe telat makan"
Positive,"aku yang suntik sinovac nggak sampai demam, kakak aku kayaknya yang vaksin az efek sampingnya mirip, demam tapi cuma sehari atau dua hari gitu."
Positive,"aku sekeluarga beda2 merek vaksin, ibu + aku sinovac, adek pfizer, bapak astra, kakak moderna. semuanya ga ada efek yg berat, cuma sakit dia area bekas suntik aja dan paling parah moderna efeknya demam ringan + mual itu pun cuma sehari."
Positive,"Katanya efek vaksin kedua sinovac jadi laper terus, kenapa di aku malah ga laper tapi jadi capek sm ngantuk doang"
Positive,"sinovac gue ga ada efek apa2, mau vaksin moderna tp tidak tau kapan"
Positive,Temen² ku yg vaksin Pfizer rata² efek samping nya kyk sinovac doang bestie  tp gk tau ya kan imun tubuh setiap orang beda² semoga kamu sehat selalu ya 
